id;employee_name;service_outlet_code;employee_role;employee_staff_code;employee_signature;employee_signature_content_type;employee_email
1;Savings Account Branding navigating;payment Incredible deposit;Checking Account utilisation AI;USB primary Iowa;../fake-data/blob/hipster.png;image/png;Refined withdrawal copy
2;Kuwaiti Dinar solid state program;help-desk SAS embrace;Nigeria;firmware;../fake-data/blob/hipster.png;image/png;seamless mesh
3;disintermediate Jordan Savings Account;deploy Advanced;New Mexico;Pakistan Rupee;../fake-data/blob/hipster.png;image/png;connect Berkshire
4;XSS Suriname;Lead cross-platform;enable;Moldova Operative;../fake-data/blob/hipster.png;image/png;Investment Account generate
5;synthesize capacitor Andorra;violet Outdoors deposit;Functionality invoice streamline;Applications;../fake-data/blob/hipster.png;image/png;yellow Shoes
6;Open-source multi-tasking;Data;Moldova archive;monitor morph;../fake-data/blob/hipster.png;image/png;networks Granite Computer
7;CSS haptic Fish;Licensed;white Principal;Avon neural;../fake-data/blob/hipster.png;image/png;integrate New Caledonia
8;Solutions;invoice Cambridgeshire;Secured olive;Shirt next-generation;../fake-data/blob/hipster.png;image/png;Legacy efficient Exclusive
9;definition transmitter navigating;Trinidad and Tobago Dollar Licensed Savings Account;interfaces Mouse;bus;../fake-data/blob/hipster.png;image/png;Field Bermuda Chair
10;deposit;sky blue deposit;benchmark;Sleek Wooden Chips bi-directional;../fake-data/blob/hipster.png;image/png;Russian Ruble deploy
