id;description;time_sent;token_value;received
1;Wooden FTP;24347;withdrawal cross-platform Investment Account;true
2;extend Interactions;13314;Licensed withdrawal Quality;true
3;Gorgeous stable;93031;Triple-buffered;true
4;quantifying Borders;38634;Points Polarised Senior;false
5;GB Handmade;98827;bandwidth Small Steel Computer;true
6;deposit primary Small;3557;Buckinghamshire facilitate Green;true
7;Consultant Branding;78384;e-business;false
8;Northern Mariana Islands;83053;Gorgeous Cotton Chair Ergonomic Cambridgeshire;true
9;1080p;22784;Coordinator Djibouti Franc;false
10;Polarised;26071;Generic Frozen Hat Camp Principal;false
